{"cameraMode":{"drawMode":0,"name":"Shaded","section":"Shading Mode"},"sceneLighting":false,"audioPlay":false,"sceneViewState":{"showFog":true,"showMaterialUpdate":false,"showSkybox":false,"showFlares":true,"showImageEffects":true,"showParticleSystems":true},"in2DMode":false,"pivot":{"x":7.951621055603027,"y":-10.906854629516602,"z":-0.47137451171875},"rotation":{"x":0.0183084849268198,"y":0.00449461629614234,"z":-0.00008221439929911867,"w":0.999823808670044},"size":273.0060119628906,"orthographic":false}