{"cameraMode":{"drawMode":0,"name":"Shaded","section":"Shading Mode"},"sceneLighting":true,"audioPlay":false,"sceneViewState":{"showFog":true,"showMaterialUpdate":false,"showSkybox":true,"showFlares":true,"showImageEffects":true,"showParticleSystems":true},"in2DMode":false,"pivot":{"x":633.444091796875,"y":1892.3753662109375,"z":1.3211669921875},"rotation":{"x":0.0183084849268198,"y":0.00449461629614234,"z":-0.00008221439929911867,"w":0.999823808670044},"size":541.2086791992188,"orthographic":false}